PersonId,FirstName,LastName,DOB,Address1,City,State,Zip,Email,GuardianEmail
3001,Rowan,Moore,8/23/1993,1468 Main St.,Milton,PA,36896,rowan.moore@example.com,
3002,Casey,Moore,8/23/1986, 1468 Main Street ,Milton,PA,36896,casey.moore@test.org,
3003,Morgan,Allen,8/19/1991,3468 Main St.,Milton,CA,87936,,
3004,Owen,Lewis,7/30/1979,7867 Maple St,Burlington,UT,12550,owen.lewis@family.net,
3005,Quinn,Lewis,9/3/1991,1448 Oak Street,Arlington,NJ,50993,quinn.lewis@demo.net,
3006,Avery,Lewis,9/15/1995,4333 Maple Street,Fairview,NC,17411,,
3007,Jordan,Lee,8/15/2004, 4333 Maple Street ,Fairview,NC,17411,jordan.lee@mail.com,
3008,Alex,Anderson,8/7/1994,8924 Hill St.,Burlington,TX,46736,,
3009,Ethan,Harris,10/21/1987,3638 Oak St,Fairview,TN,92308,,
3010,Mason,Harris,11/2/1992, 3638 Oak Street ,Fairview,TN,92308,mason.harris@mail.com,
3011,Mia,Walker,8/10/1983,7064 Lake St,Madison,TN,66056,,
3012,Avery,Walker,10/11/2012,7064 Lake Street,Madison,TN,66056,,
3013,Owen,Smith,8/8/1986,4558 Main Street,Georgetown,NH,2030,owen.smith@example.com,
3014,Logan,Smith,9/5/2007, 4558 Main Street ,Georgetown,NH,2030,logan.smith@test.org,
3015,Ella,Davis,9/24/1987,4558 Main Street,Georgetown,NH,2030,ella.davis@demo.net,
3016,Owen,Garcia,7/29/1972, 4878 Ridge Street ,Georgetown,MN,62257,owen.garcia@family.net,
3017,Ella,Anderson,10/15/1994,4878 Ridge St.,Georgetown,MN,62257,,
3018,Grace,Anderson,10/26/1989,4878 Ridge St.,Georgetown,MN,62257,grace.anderson@demo.net,
3019,Ethan,Lewis,10/24/1982,706 Cedar St.,Fairview,OH,94773,ethan.lewis@example.com,
3020,Taylor,Martinez,7/17/2012,8440 Lake St,Milton,CA,55646,,
3021,Riley,Martinez,9/11/2000,8440 Lake St,Milton,CA,55646,,
3022,Parker,Brown,10/2/1987,9435 Main St,Springfield,OR,85041,parker.brown@mail.com,
3023,Mia,Brown,8/7/2004, 9435 Main Street ,Springfield,OR,85041,mia.brown@test.org,
3024,Olivia,Johnson,9/18/1987,2216 Elm St,Arlington,PA,94598,olivia.johnson@test.org,
3025,Leo,Johnson,9/25/1992,2216 Elm St,Arlington,PA,94598,leo.johnson@test.org,
3026,Jordan,Johnson,7/28/1993, 2216 Elm Street ,Arlington,PA,94598,jordan.johnson@demo.net,
3027,Morgan,Walker,7/26/1989, 8888 Sunset Street ,Dayton,MN,71053,morgan.walker@demo.net,
3028,Reese,Thomas,9/7/1975,1035 Valley Street,Springfield,MN,76402,reese.thomas@example.com,
3029,Taylor,Thomas,10/27/1999,1035 Valley St,Springfield,MN,76402,taylor.thomas@family.net,
3030,Quinn,Clark,11/8/1977,8809 Ridge St.,Greenville,CA,51824,quinn.clark@family.net,
3031,Owen,Jones,8/18/2011,8809 Ridge Street,Greenville,CA,51824,,quinn.martinez@test.org
3032,Leo,Johnson,8/21/1992,1915 Sunset St.,Fairview,TX,4340,leo.johnson@mail.com,
3033,Leo,Johnson,10/20/2011,1915 Sunset Street,Fairview,TX,4340,,leo.johnson@demo.net
3034,Liam,Johnson,11/10/1975,4359 Main Street,Milton,NH,68619,liam.johnson@family.net,
3035,Emma,Johnson,11/1/1987, 4359 Main Street ,Milton,NH,68619,emma.johnson@test.org,
3036,Morgan,Jones,8/7/1987,2827 Pine Street,Madison,NC,95659,morgan.jones@mail.com,
3037,Henry,Lewis,9/23/1984,1151 Cedar Street,Dayton,NC,57406,,
3038,Jack,Lewis,9/14/1991,1151 Cedar St,Dayton,NC,57406,jack.lewis@family.net,
3039,Jack,Brown,11/6/1976,5593 Main St.,Milton,OR,98016,jack.brown@example.com,
3040,Morgan,Rodriguez,8/12/1989,5593 Main St.,Milton,OR,98016,morgan.rodriguez@test.org,
3041,Mia,Thomas,7/13/1980,1614 Lake St,Clinton,NC,20002,mia.thomas@example.com,
3042,Grace,Wilson,9/21/1997,1614 Lake St,Clinton,NC,20002,grace.wilson@mail.com,
3043,Mia,Harris,8/27/1995, 4987 Maple Street ,Ashland,VA,26289,mia.harris@test.org,
3044,Leo,Harris,9/2/1999,4987 Maple Street,Ashland,VA,26289,leo.harris@demo.net,
3045,Olivia,Harris,10/7/2014,4987 Maple Street,Ashland,VA,26289,olivia.harris@example.com,mia.harris+kids@family.net
3046,Emma,Miller,9/9/1996,7063 Pine St,Milton,TX,15064,emma.miller@demo.net,
3047,Parker,Young,8/7/2016,7063 Pine St,Milton,TX,15064,,emma.young@test.org
3048,Casey,Garcia,9/26/1979,1165 Main St,Franklin,NC,76276,casey.garcia@family.net,
3049,Jordan,Harris,8/19/1980, 3467 Sunset Street ,Arlington,PA,78573,jordan.harris@demo.net,
3050,Alex,Harris,8/19/2010, 3467 Sunset Street ,Arlington,PA,78573,,jordan.harris+kids@mail.com
3051,Owen,Harris,8/28/1987,3467 Sunset Street,Arlington,PA,78573,,
3052,Morgan,Lee,7/14/2005,4513 Cedar St,Clinton,AL,63179,morgan.lee@example.com,
3053,Wyatt,Rodriguez,11/1/1987,2077 Valley St.,Madison,MA,51051,,
3054,Logan,Rodriguez,11/1/2005,2077 Valley Street,Madison,MA,51051,logan.rodriguez@example.com,
3055,Morgan,Rodriguez,8/30/1998,2077 Valley Street,Madison,MA,51051,morgan.rodriguez@example.com,
3056,Jordan,Jones,9/5/1986,4524 Main Street,Franklin,NY,16403,jordan.jones@demo.net,
3057,Emma,Brown,11/10/2009,4524 Main Street,Franklin,NY,16403,,
3058,Noah,Wilson,10/16/1998,110 Sunset St,Arlington,OH,37203,noah.wilson@test.org,
3059,Ethan,Walker,9/18/2004,110 Sunset St.,Arlington,OH,37203,ethan.walker@example.com,
3060,Jordan,Wilson,8/15/1994,110 Sunset St.,Arlington,OH,37203,jordan.wilson@mail.com,
3061,Henry,Moore,9/23/1998,8491 Maple Street,Greenville,FL,74818,,
3062,Jordan,Thomas,8/3/1996,626 Elm St.,Franklin,TN,16941,jordan.thomas@test.org,
3063,Leo,Thomas,11/7/1993, 626 Elm Street ,Franklin,TN,16941,leo.thomas@family.net,
3064,Mason,Jones,7/29/1975, 3920 Sunset Street ,Greenville,CA,39214,mason.jones@demo.net,
3065,Jack,Jones,8/20/1996,3920 Sunset Street,Greenville,CA,39214,jack.jones@family.net,
3066,Ella,Jones,10/22/1998,3920 Sunset Street,Greenville,CA,39214,ella.jones@test.org,
3067,Ella,Martinez,8/3/1999,366 Elm Street,Milton,IL,9690,,
3068,Taylor,Martinez,9/28/2012,366 Elm Street,Milton,IL,9690,taylor.martinez@family.net,ella.martinez+kids@family.net
3069,Henry,Jones,10/18/1993, 2210 Sunset Street ,Greenville,IL,84724,henry.jones@demo.net,
3070,Mia,Jones,8/17/2007,2210 Sunset St,Greenville,IL,84724,mia.jones@demo.net,
3071,Alex,Thomas,10/31/1975,9860 Lake Street,Madison,MA,11936,alex.thomas@family.net,
3072,Morgan,Thomas,8/9/1988, 9860 Lake Street ,Madison,MA,11936,morgan.thomas@test.org,
3073,Lucas,Thomas,8/14/2002,9860 Lake St.,Madison,MA,11936,lucas.thomas@mail.com,
3074,Avery,Thomas,11/9/1971,2563 Ridge St,Arlington,GA,46202,avery.thomas@demo.net,
3075,Ethan,Thomas,9/14/2018,2563 Ridge St,Arlington,GA,46202,ethan.thomas@mail.com,avery.thomas+kids@mail.com
3076,Liam,Thomas,9/11/2004,2563 Ridge St.,Arlington,GA,46202,liam.thomas@example.com,
3077,Grace,Smith,8/15/1987,3953 Lake Street,Clinton,IL,83358,,
3078,Lucas,Smith,10/7/2012,3953 Lake Street,Clinton,IL,83358,,grace.smith+kids@mail.com
3079,Jack,Smith,10/16/1996,3953 Lake St,Clinton,IL,83358,jack.smith@family.net,
3080,Alex,Lewis,10/26/1980,5707 Maple St,Greenville,CA,49561,alex.lewis@family.net,
3081,Owen,Lewis,7/27/1993,5707 Maple St,Greenville,CA,49561,owen.lewis@demo.net,
